Sno,Candidate,Constituency,Party,Criminal Cases,Education,Assets,Liabilities
1,Abdul Aziz Doctor,LALGOLA,AITC,0,Post Graduate,"Rs 6,29,08,242 ~ 6 Crore+","Rs 38,50,000 ~ 38 Lacs+"
2,Abdul Khaleque Molla,METIABURUZ,AITC,2,10th Pass,"Rs 1,74,55,505 ~ 1 Crore+",Rs 0 ~
3,Abdul Matin Muhammad,HAROA,AITC,1,12th Pass,"Rs 1,00,14,348 ~ 1 Crore+",Rs 0 ~
4,Abdur Rahim Boxi,MALATIPUR,AITC,2,12th Pass,"Rs 5,82,83,056 ~ 5 Crore+","Rs 10,49,505 ~ 10 Lacs+"
5,Adhikari Dibyendu,EGRA,BJP,2,Graduate,"Rs 4,80,05,224 ~ 4 Crore+","Rs 50,59,168 ~ 50 Lacs+"
6,Agarwal Kanaia Lal,ISLAMPUR,AITC,0,Graduate Professional,"Rs 5,67,06,075 ~ 5 Crore+","Rs 10,93,919 ~ 10 Lacs+"
7,Agnimitra Paul,ASANSOL DAKSHIN,BJP,23,Graduate,"Rs 3,85,66,327 ~ 3 Crore+","Rs 1,20,11,270 ~ 1 Crore+"
8,Agniswar Naskar,SATGACHHIA,BJP,8,Graduate,"Rs 2,92,89,676 ~ 2 Crore+","Rs 86,15,096 ~ 86 Lacs+"
9,Ahmed Javed Khan,KASBA,AITC,0,Graduate,"Rs 39,53,53,826 ~ 39 Crore+","Rs 43,72,40,034 ~43 Crore+"
10,Ajay Kumar Poddar,KULTI,BJP,0,Graduate Professional,"Rs 2,55,79,769 ~ 2 Crore+","Rs 27,40,000 ~ 27 Lacs+"
11,Ajay Ray,DINHATA,BJP,20,10th Pass,"Rs 3,85,47,499 ~ 3 Crore+","Rs 9,71,669 ~ 9 Lacs+"
12,Ajit Kumar Jana,DANTAN,BJP,0,Graduate,"Rs 14,17,84,898 ~ 14 Crore+","Rs 4,47,82,869 ~ 4 Crore+"
13,Akhruzzaman,RAGHUNATHGANJ,AITC,0,Graduate Professional,"Rs 2,90,66,365 ~ 2 Crore+","Rs 6,16,017 ~ 6 Lacs+"
14,Alifa Ahmed,KALIGANJ,AITC,0,Graduate Professional,"Rs 6,76,99,371 ~ 6 Crore+","Rs 1,04,54,367 ~ 1 Crore+"
15,Amal Kumar Panda,SABANG,BJP,1,12th Pass,"Rs 78,39,732 ~ 78 Lacs+",Rs 0 ~
16,Amarnath Shakha,ONDA,BJP,5,10th Pass,"Rs 1,86,85,801 ~ 1 Crore+",Rs 0 ~
17,Amit Samanta,AMTA,BJP,2,Graduate,"Rs 59,59,683 ~ 59 Lacs+","Rs 8,58,397 ~ 8 Lacs+"
18,Amiya Kisku,NAYAGRAM (ST),BJP,0,Graduate,"Rs 1,05,42,911 ~ 1 Crore+","Rs 14,38,705 ~ 14 Lacs+"
19,Amlan Bhaduri (Buro),ENGLISHBAZAR,BJP,1,Post Graduate,"Rs 9,51,39,936 ~ 9 Crore+","Rs 40,40,852 ~ 40 Lacs+"
20,Anadi Ghosh,KETUGRAM,BJP,0,12th Pass,"Rs 1,25,81,954 ~ 1 Crore+","Rs 2,67,000 ~ 2 Lacs+"
21,Anandamay Barman,MATIGARA-NAXALBARI (SC),BJP,2,Post Graduate,"Rs 1,90,99,547 ~ 1 Crore+",Rs 0 ~
22,Ananta Deb Adhikary,JALPAIGURI (SC),BJP,1,Graduate Professional,"Rs 93,78,283 ~ 93 Lacs+","Rs 17,34,000 ~ 17 Lacs+"
23,Anisur Rahaman Bidesh,DEGANGA,AITC,1,Graduate,"Rs 18,20,51,411 ~ 18 Crore+","Rs 9,17,59,725 ~ 9 Crore+"
24,Anup Kumar Saha,DUBRAJPUR (SC),BJP,5,Post Graduate,"Rs 22,93,804 ~ 22 Lacs+","Rs 2,44,460 ~ 2 Lacs+"
25,Anupam Biswas,KALYANI (SC),BJP,2,Literate,"Rs 1,29,98,469 ~ 1 Crore+","Rs 1,20,000 ~ 1 Lacs+"
26,Anupam Ghosh,JAGATBALLAVPUR,BJP,1,Graduate,"Rs 60,87,669 ~ 60 Lacs+","Rs 20,27,222 ~ 20 Lacs+"
27,Arijit Bakshi,DUM DUM,BJP,6,Post Graduate,"Rs 1,02,36,474 ~ 1 Crore+","Rs 14,45,252 ~ 14lacs+ "
28,Arijit Roy,BARABANI,BJP,19,Graduate Professional,"Rs 2,81,46,353 ~ 2 Crore+","Rs 19,61,374 ~ 19 Lacs+"
29,Arun Halder,JAMALPUR (SC),BJP,0,Graduate,"Rs 3,26,22,774 ~ 3 Crore+",Rs 0 ~
30,Arunava Sen,BAGNAN,AITC,0,12th Pass,"Rs 4,51,81,156 ~ 4 Crore+","Rs 17,83,930 ~ 17 Lacs+"
31,Arup Kumar Das,KANTHI DAKSHIN,BJP,3,Post Graduate,"Rs 1,11,05,358 ~ 1 Crore+","Rs 3,32,786 ~ 3 Lacs+"
32,Arup Kumar Das,SINGUR,BJP,0,Others,"Rs 3,90,36,176 ~ 3 Crore+","Rs 84,09,674 ~ 84 Lacs+"
33,Arup Roy,HOWRAH MADHYA,AITC,0,Graduate Professional,"Rs 4,84,96,085 ~ 4 Crore+","Rs 22,82,974 ~ 22 Lacs+"
34,Ashim Biswas,RANAGHAT UTTAR PURBA (SC),BJP,4,Graduate,"Rs 73,09,824 ~ 73 Lacs+","Rs 8,90,000 ~ 8 Lacs+"
35,Ashim Kumar Biswas,RANAGHAT DAKSHIN (SC),BJP,3,12th Pass,"Rs 14,41,54,802 ~ 14 Crore+",Rs 0 ~
36,Ashok Kirtania,BANGAON UTTAR (SC),BJP,3,Graduate,"Rs 4,03,81,819 ~ 4 Crore+","Rs 10,00,000 ~ 10Lacs+"
37,Ashok Kumar Deb,BUDGE BUDGE,AITC,0,Graduate Professional,"Rs 46,96,469 ~ 46 Lacs+",Rs 0 ~
38,Ashoke Dinda,MOYNA,BJP,6,Graduate,"Rs 5,96,62,319 ~ 5 Crore+","Rs 56,51,583 ~ 56 Lacs+"
39,Asim Kumar Sarkar,HARINGHATA (SC),BJP,6,Literate,"Rs 2,56,76,976 ~ 2 Crore+","Rs 42,27,968 ~ 42 Lacs+"
40,Asima Patra,DHANEKHALI (SC),AITC,0,12th Pass,"Rs 2,06,35,016 ~ 2 Crore+","Rs 13,72,483 ~ 13 Lacs+"
41,Azad Minhajul Arfin,CHAKULIA,AITC,0,Graduate,"Rs 52,27,528 ~ 52 Lacs+",Rs 0 ~
42,Babar Ali,JALANGI,AITC,1,Post Graduate,"Rs 2,84,296 ~ 2 Lacs+",Rs 0 ~
43,Bag Hemanta,ARAMBAG (SC),BJP,1,12th Pass,"Rs 23,37,599 ~ 23 Lacs+",Rs 0 ~
44,Bandyopadhyay Nayna,CHOWRANGEE,AITC,0,12th Pass,"Rs 10,48,70,326 ~ 10 Crore+",Rs 0 ~
45,Bankim Chandra Ghosh,CHAKDAHA,BJP,3,12th Pass,"Rs 1,81,82,627 ~ 1 Crore+","Rs 32,65,000 ~ 32 Lacs+"
46,Barnali Dhara,KULPI,AITC,2,10th Pass,"Rs 94,60,113 ~ 94 Lacs+","Rs 12,00,000 ~ 12 Lacs+"
47,Bayron Biswas,SAGARDIGHI,AITC,1,12th Pass,"Rs 33,42,22,210 ~ 33 Crore+","Rs 7,96,49,669 ~ 7 Crore+"
48,Bhadra Hemram,KESHIARY (ST),BJP,0,Post Graduate,"Rs 43,38,373 ~ 43 Lacs+","Rs 15,04,551 ~ 15 Lacs+"
49,Bharat Kumar Chetri,KALIMPONG,BJP,0,10th Pass,"Rs 1,23,13,801 ~ 1 Crore+","Rs 25,65,497 ~ 25 Lacs+"
50,Bharat Kumar Jhawar,BELDANGA,BJP,0,Graduate,"Rs 10,89,31,440 ~ 10 Crore+","Rs 1,75,69,745 ~ 1 Crore+"
51,Bhaskar Bhattacharya,SREERAMPUR,BJP,1,Graduate Professional,"Rs 1,43,97,276 ~ 1 Crore+","Rs 96,332 ~ 96 Thou+"
52,Bidhan Chandra Majhi,NANOOR (SC),AITC,0,Post Graduate,"Rs 1,27,20,369 ~ 1 Crore+","Rs 29,90,187 ~ 29 Lacs+"
53,Bidyut Kumar Roy,BALURGHAT,BJP,0,Graduate Professional,"Rs 1,53,87,870 ~ 1 Crore+","Rs 6,00,000 ~ 6 Lacs+"
54,Bikarna Naskar,GOSABA (SC),BJP,10,10th Pass,"Rs 14,45,297 ~ 14 Lacs+","Rs 6,18,000 ~ 6 Lacs+"
55,Billeswar Sinha,BARJORA,BJP,1,Graduate Professional,"Rs 29,65,619 ~ 29 Lacs+",Rs 0 ~
56,Biman Banerjee,BARUIPUR PASCHIM,AITC,0,Post Graduate,"Rs 3,71,49,363 ~ 3 Crore+",Rs 0 ~
57,Biman Ghosh,PURSURAH,BJP,2,Graduate,"Rs 36,77,344 ~ 36 Lacs+","Rs 2,71,271 ~ 2 Lacs+"
58,Biman Mahata,SALBONI,BJP,6,Post Graduate,"Rs 9,27,005 ~ 9 Lacs+","Rs 8,034 ~ 8 Thou+"
59,Bina Mondal,SWARUPNAGAR (SC),AITC,0,Graduate,"Rs 3,93,97,424 ~ 3 Crore+",Rs 0 ~
60,Biplab Mitra,HARIRAMPUR,AITC,0,Graduate Professional,"Rs 3,71,92,523 ~ 3 Crore+","Rs 63,750 ~ 63 Thou+"
61,Biraj Biswas,KARANDIGHI,BJP,5,Graduate Professional,"Rs 19,43,000 ~ 19 Lacs+",Rs 0 ~
62,Bishal Lama,KALCHINI (ST),BJP,6,Graduate,"Rs 27,71,281 ~ 27 Lacs+","Rs 7,00,000 ~ 7 Lacs+"
63,Biswajit Mahato,JOYPUR,BJP,4,Graduate Professional,"Rs 17,33,949 ~ 17 Lacs+","Rs 92,396 ~ 92 Thou+"
64,Biswanath Das,JOYNAGAR (SC),AITC,0,Post Graduate,"Rs 1,44,07,504 ~ 1 Crore+","Rs 16,02,450 ~ 16 Lacs+"
65,Bivas Sardar,BARUIPUR PURBA (SC),AITC,0,Graduate,"Rs 1,31,42,462 ~ 1 Crore+","Rs 22,58,845 ~ 22 Lacs+"
66,Budhrai Tudu,TAPAN (ST),BJP,2,Graduate Professional,"Rs 86,69,715 ~ 86 Lacs+","Rs 25,15,620 ~ 25 Lacs+"
67,Burhanul Mukaddim (Liton),BADURIA,AITC,0,Post Graduate,"Rs 1,75,51,789 ~ 1 Crore+","Rs 52,20,000 ~ 52 Lacs+"
68,Chandana Bauri,SALTORA (SC),BJP,2,10th Pass,"Rs 10,26,880 ~ 10 Lacs+","Rs 2,50,000 ~ 2 Lacs+"
69,Chandra Sekhar Banerjee,DURGAPUR PURBA,BJP,6,Graduate,"Rs 2,19,81,546 ~ 2 Crore+","Rs 22,25,547 ~ 22 Lacs+"
70,Chandranath Sinha,BOLPUR,AITC,1,Post Graduate,"Rs 6,48,61,255 ~ 6 Crore+",Rs 0 ~
71,Chinmoy Deb Barman,GAZOLE (SC),BJP,5,Post Graduate,"Rs 1,83,55,412 ~ 1 Crore+","Rs 9,95,000 ~ 9 Lacs+"
72,Chiran Bera,ULUBERIA UTTAR (SC),BJP,4,10th Pass,"Rs 17,768~ 17 Thou+.",Rs 0 ~
73,Chitta Mukherjee,JANGIPUR,BJP,4,Graduate Professional,"Rs 2,75,28,575 ~ 2 Crore+","Rs 3,45,207 ~ 3 Lacs+"
74,Dadhiram Ray,MEKLIGANJ (SC),BJP,16,12th Pass,"Rs 63,37,495 ~ 63 Lacs+","Rs 2,43,406 ~ 2 Lacs+"
75,Dalim Chandra Roy,MAYNAGURI (SC),BJP,1,12th Pass,"Rs 4,24,64,234 ~ 4 Crore+",Rs 0 ~
76,Dasgupta Swapan,RASHBEHARI,BJP,0,Doctorate,"Rs 8,08,00,376 ~ 8 Crore+",Rs 0 ~
77,Debasis Ojha (Haku Da),LABHPUR,BJP,1,8th Pass,"Rs 1,15,41,252 ~ 1 Crore+",Rs 0 ~
78,Debasish Dhar,SONARPUR UTTAR,BJP,0,Graduate,"Rs 2,48,30,694 ~ 2 Crore+",Rs 0 ~
79,Debdas Mondal,HABRA,BJP,13,Literate,"Rs 1,51,53,734 ~ 1 Crore+",Rs 0 ~
80,Deepanjan Kumar Guha,CHANDANNAGAR,BJP,1,Post Graduate,"Rs 1,68,31,344 ~ 1 Crore+","Rs 9,16,350 ~ 9 Lacs+"
81,Dhruba Saha,RAMPURHAT,BJP,16,Graduate,"Rs 2,75,38,222~ 2 Crore+.",Rs 0 ~
82,Dibakar Gharami,SONAMUKHI (SC),BJP,1,8th Pass,"Rs 14,79,500 ~ 14 Lacs+",Rs 0 ~
83,Dilip Ghosh,KHARAGPUR SADAR,BJP,28,Others,"Rs 3,07,19,695 ~ 3 Crore+",Rs 0 ~
84,Dilip Mondal,BISHNUPUR (SC),AITC,0,12th Pass,"Rs 3,28,84,857 ~ 3 Crore+","Rs 54,06,547 ~ 54 Lacs+"
85,Dilip Saha,NABAGRAM (SC),BJP,0,8th Pass,"Rs 43,03,96,618 ~ 43 Crore+",Rs 0 ~
86,Dilip Singh,CHAMPDANI,BJP,0,10th Pass,"Rs 3,55,57,610 ~ 3 Crore+","Rs 1,47,25,435 ~ 1 Crore+"
87,Dinen Roy,KHARAGPUR,AITC,17,12th Pass,"Rs 5,77,02,870 ~ 5 Crore+","Rs 6,01,901 ~ 6 Lacs+"
88,Dinesh Sarkar,RAJGANJ (SC),BJP,2,10th Pass,"Rs 1,57,44,745 ~ 1 Crore+",Rs 0 ~
89,Dipak Barman,FALAKATA (SC),BJP,7,Post Graduate,"Rs 1,36,83,978 ~ 1 Crore+","Rs 16,89,758 ~ 16 Lacs+"
90,Dipanjan Chakraborty,UTTARPARA,BJP,0,Graduate,"Rs 2,16,21,377~ 2 Crore+.",Rs 0 ~
91,Dipankar Jana,KAKDWIP,BJP,3,Graduate,"Rs 22,47,43,165 ~ 22 Crore+","Rs 10,27,44,080 ~ 10 Crore+"
92,Dr. Bijan Mukherjee,JAMURIA,BJP,0,Post Graduate,"Rs 7,88,53,284 ~ 7 Crore+","Rs 91,88,786 ~ 91 Lacs+"
93,Dr. Chandra Sekhar Mondal,RAMNAGAR,BJP,0,Post Graduate,"Rs 50,60,242 ~ 50 Lacs+","Rs 5,37,700 ~ 5 Lacs+"
94,Dr. Hiranmoy Chattopadhyaya (Hiraan),SHYAMPUR,BJP,2,Doctorate,"Rs 12,89,41,624 ~ 12 Crore+","Rs 2,26,15,854 ~ 2 Crore+"
95,Dr. Indranil Khan,BEHALA PASCHIM,BJP,6,Post Graduate,"Rs 3,33,73,654 ~ 3 Crore+","Rs 9,31,175 ~ 9 Lacs+"
96,Dr. Mosarraf Hossain,MURARAI,AITC,0,Graduate Professional,"Rs 8,87,07,097 ~ 8 Crore+","Rs 7,03,525 ~ 7 Lacs+"
97,Dr. Pranat Tudu,BINPUR (ST),BJP,1,Graduate Professional,"Rs 5,76,09,000 ~ 5 Crore+","Rs 23,00,000 ~ 23 Lacs+"
98,Dr. Rajesh Kumar,JAGATDAL,BJP,0,Doctorate,"Rs 5,77,32,587 ~ 5 Crore+","Rs 1,17,55,052 ~ 1 Crore+"
99,Dr. Sumay Hira,ASHOKNAGAR,BJP,2,Graduate Professional,"Rs 4,32,71,881 ~ 4 Crore+.","Rs 30,00,000~ 30 Lacs+."
100,Dudh Kumar Mondal,MAYURESWAR,BJP,8,Graduate,"Rs 1,08,87,455~ 1 Crore+","Rs 9,067 ~ 9 Thou+"
101,Durga Murmu,PHANSIDEWA (ST),BJP,1,12th Pass,"Rs 1,49,57,782 ~ 1 Crore+","Rs 5,79,313 ~ 5 Lacs+"
102,Emani Biswas,SUTI,AITC,1,Graduate,"Rs 9,70,27,270 ~ 9 Crore+","Rs 3,86,46,804 ~ 3 Crore+"
103,Fayezul Haque (Kajal Sk),HANSAN,AITC,6,Graduate,"Rs 3,28,87,798 ~ 3 Crore+",Rs 0 ~
104,Firhad Hakim,KOLKATA PORT,AITC,2,Graduate,"Rs 22,57,53,159 ~ 22 Crore+","Rs 1,36,79,175 ~ 1 Crore+"
105,Ganesh Chandra Mondal,KULTALI (SC),AITC,0,Graduate,"Rs 10,52,29,491 ~ 10 Crore+","Rs 2,70,49,954 ~ 2 Crore+"
106,Gargi Das Ghosh,KANDI,BJP,2,Graduate,"Rs 16,40,74,348 ~ 16 Crore+","Rs 1,68,45,972 ~ 1 Crore+"
107,Giri Ramaprasad,NARAYANGARH,BJP,6,Graduate,"Rs 91,53,947 ~ 91 Lacs+","Rs 3,04,498 ~ 3 Lacs+"
108,Girija Shankar Ray,NATABARI,BJP,3,Graduate,"Rs 49,95,259~ 49 Lacs+.",Rs 0 ~
109,Gopal Chandra Saha,MALDAHA (SC),BJP,0,Graduate,"Rs 4,68,31,990 ~ 4 Crore+","Rs 4,32,24,019 ~ 4 Crore+"
110,Gopal Chattopadhyay,PURBASTHALI UTTAR,BJP,3,Graduate Professional,"Rs 1,02,71,361 ~ 1 Crore+",Rs 0 ~
111,Gour Chandra Mandal,MANIKCHAK,BJP,3,Graduate,"Rs 7,01,57,348 ~ 7 Crore+","Rs 2,52,05,584 ~ 2 Crore+"
112,Gouri Sankar Ghosh,MURSHIDABAD,BJP,4,Post Graduate,"Rs 84,70,197 ~ 84 Lacs+",Rs 0 ~
113,Gulsan Mullick,PANCHLA,AITC,0,12th Pass,"Rs 2,93,20,031 ~ 2 Crore+","Rs 2,84,541 ~ 2 Lacs+"
114,Hamidul Rahaman,CHOPRA,AITC,1,12th Pass,"Rs 2,27,33,331 ~ 2 Crore+","Rs 16,00,000 ~ 16 Lacs+"
115,Hare Krishna Bera,TAMLUK,BJP,0,Post Graduate,"Rs 7,93,14,028 ~ 7 Crore+","Rs 27,05,775 ~ 27 Lacs+"
116,Haripada Barman,HEMTABAD (SC),BJP,0,Post Graduate,"Rs 1,76,55,883 ~ 1 Crore+","Rs 23,65,920 ~ 23 Lacs+"
117,Humayun Kabir,NOWDA,Aam Janata Unnayan party,4,Graduate,"Rs 4,44,14,849~ 4 Crore+.",Rs 0 ~
118,Humayun Kabir,REJINAGAR,Aam Janata Unnayan party,4,Graduate,"Rs 4,44,14,849 ~ 4 Crore+",Rs 0 ~
119,Islam Md Najrul,MOTHABARI,AITC,0,Graduate,"Rs 1,04,97,228 ~ 1 Crore+","Rs 8,15,559 ~ 8 Lacs+"
120,Jagannath Chattopadhyay,SURI,BJP,1,Post Graduate,"Rs 1,95,24,400 ~ 1 Crore+",Rs 0 ~
121,Jaladhar Mahato,BALARAMPUR,BJP,0,12th Pass,"Rs 33,66,000 ~ 33 Lacs+","Rs 22,00,000 ~ 22 Lacs+"
122,Jeber Sekh,CHAPRA,AITC,1,8th Pass,"Rs 48,23,915 ~ 48 Lacs+","Rs 7,16,772 ~ 7 Lacs+"
123,Jitendra Kumar Tewari,PANDABESWAR,BJP,4,Graduate Professional,"Rs 1,00,38,212 ~ 1 Crore+",Rs 0 ~
124,Joydeb Halder S/O - Kartick Chandra Halder,MANDIRBAZAR (SC),AITC,0,10th Pass,"Rs 41,49,459 ~ 41 Lacs+",Rs 0 ~
125,Joyel Murmu,HABIBPUR (ST),BJP,1,8th Pass,"Rs 85,67,312 ~ 85 Lacs+",Rs 0 ~
126,Julfikar Ali,RANINAGAR,INC,0,10th Pass,"Rs 18,82,92,606~ 18 Crore+.","Rs 4,78,02,722~ 4 Crore+."
127,Kalita Maji,AUSGRAM (SC),BJP,2,Literate,"Rs 4,90,309 ~ 4 Lacs+",Rs 0 ~
128,Kalyan Chakraborti,KHARDAHA,BJP,0,Doctorate,"Rs 2,63,11,299 ~ 2 Crore+","Rs 66,70,152 ~ 66 Lacs+"
129,Kamala Kanta Hansda,KASHIPUR,BJP,0,Post Graduate,"Rs 64,62,974 ~ 64 Lacs+","Rs 10,50,000 ~ 10 Lacs+"
130,Karfa Soumen,BHATAR,BJP,6,Post Graduate,"Rs 2,60,87,473 ~ 2 Crore+","Rs 3,58,50,581 ~ 3 Crore+"
131,Kaustuv Bagchi,BARRACKPUR,BJP,12,Post Graduate,"Rs 1,92,18,773 ~ 1 Crore+",Rs 0 ~
132,Khanra Nirmal,NANDAKUMAR,BJP,2,Post Graduate,"Rs 1,80,17,800 ~ 1 Crore+","Rs 16,72,000 ~ 16 Lacs+"
133,Koushik Chowdhury,RAIGANJ,BJP,0,Graduate,"Rs 31,847 ~ 31 Thou+",Rs 0 ~
134,Krishna Ghosh,KATWA,BJP,5,8th Pass,"Rs 26,96,281 ~ 26 Lacs+",Rs 0 ~
135,Krishna Kanta Saha,SAINTHIA (SC),BJP,2,Graduate,"Rs 1,72,80,367 ~ 1 Crore+.","Rs 37,31,434 ~ 37 Lacs+."
136,Krishnendu Mukherjee,ASANSOL UTTAR,BJP,18,Graduate,"Rs 8,09,42,040 ~ 8 Crore+","Rs 3,89,82,696 ~ 3 Crore+"
137,Kshetramohan Hansda,RAIPUR (ST),BJP,1,8th Pass,"Rs 16,76,817 ~ 16 Lacs+","Rs 43,035 ~ 43 Thou+"
138,Kshudiram Tudu,RANIBANDH (ST),BJP,0,Graduate,"Rs 23,21,699 ~ 23 Lacs+","Rs 69,950 ~ 69 Thou+"
139,Kunal Kumar Ghosh,BELEGHATA,AITC,10,Others,"Rs 4,12,65,007 ~ 4 Crore+",Rs 0 ~
140,Labsen Baskey,BANDWAN (ST),BJP,1,12th Pass,"Rs 9,08,385 ~ 9 Lacs+","Rs 14,82,114 ~ 14 Lacs+"
141,Lakshman Chandra Ghorui,DURGAPUR PASCHIM,BJP,12,12th Pass,"Rs 2,44,15,439 ~ 2 Crore+","Rs 32,68,904 ~ 32 Lacs+"
142,Lakshmi Kanta Majumdar,KATULPUR (SC),BJP,1,Graduate Professional,"Rs 54,19,909 ~ 54 Lacs+",Rs 0 ~
143,Lakshmi Kanta Sau,JHARGRAM,BJP,2,Graduate,"Rs 9,06,72,518 ~ 9 Crore+","Rs 3,53,49,888 ~ 3 Crore+"
144,Laxuman Limbu,MADARIHAT (ST),BJP,1,10th Pass,"Rs 17,97,088 ~ 17 Lacs+.",Rs 0 ~
145,Madan Mitra,KAMARHATI,AITC,6,Graduate,"Rs 3,52,51,312 ~ 3 Crore+","Rs 24,99,837 ~ 24 Lacs+"
146,Madhumita Ghosh,HARIPAL,BJP,2,12th Pass,"Rs 1,13,47,728 ~ 1 Crore+",Rs 0 ~
147,Malati Rava Roy,TUFANGANJ,BJP,12,Graduate,"Rs 1,07,57,668 ~ 1 Crore+","Rs 1,17,806 ~ 1 Lacs+"
148,Mamoni Bauri,RAGHUNATHPUR (SC),BJP,0,5th Pass,"Rs 6,96,806 ~ 6 Lacs+","Rs 44,150 ~ 44 Thou+"
149,Manab Guha,MEMARI,BJP,3,Graduate,"Rs 2,24,32,823 ~ 2 Crore+","Rs 27,00,000 ~ 27 Lacs+"
150,Manoj Kumar Oraon,KUMARGRAM (ST),BJP,2,Graduate Professional,"Rs 57,06,289 ~ 57 Lacs+",Rs 0 ~
151,Mayna Murmu,MANBAZAR (ST),BJP,0,12th Pass,"Rs 7,75,564 ~ 7 Lacs+",Rs 0 ~
152,Md Baharul Islam,CANNING PURBA,AITC,4,Graduate,"Rs 1,86,68,941 ~ 1 Crore+","Rs 6,68,265 ~ 6 Lacs+"
153,Md Ghulam Rabbani,GOALPOKHAR,AITC,1,Post Graduate,"Rs 3,14,64,095~ 3 Crore+.","Rs 91,67,678~ 91 Lacs+."
154,Md Nawsad Siddique,BHANGAR,All India Secular Front,16,Post Graduate,"Rs 55,69,232 ~ 55 Lacs+",Rs 0 ~
155,Md. Matibur Rahaman,HARISCHANDRAPUR,AITC,2,8th Pass,"Rs 25,68,19,938 ~ 25 Crore+","Rs 2,72,82,547 ~ 2 Crore+"
156,Md. Mostafijur Rahaman,DOMKAL,CPI(M),2,Post Graduate,"Rs 3,52,14,800 ~ 3 Crore+",Rs 0 ~
157,Md. Samim Ahamed Molla,MAGRAHAT PASCHIM,AITC,1,Post Graduate,"Rs 34,13,257 ~ 34 Lacs+",Rs 0 ~
158,Md. Tauseffur Rahman,BASIRHAT UTTAR,AITC,0,5th Pass,"Rs 20,24,212 ~ 20 Lacs+",Rs 0 ~
159,Mitali Mal,KHARGRAM (SC),BJP,0,Graduate,"Rs 12,43,059 ~ 12 Lacs+",Rs 0 ~
160,Mohammad Kasem Siddique,AMDANGA,AITC,1,Post Graduate,"Rs 69,94,144 ~ 69 Lacs+","Rs 10,30,500 ~ 10 Lacs+"
161,Mohammed Noor Alam,SAMSERGANJ,AITC,0,12th Pass,"Rs 22,23,21,497 ~ 22 Crore+","Rs 1,68,33,659 ~ 1 Crore+"
162,Mosaraf Hussen,ITAHAR,AITC,1,12th Pass,"Rs 5,15,65,457~ 5 Crore+.","Rs 76,13,811~ 76 Lacs+."
163,Motab Shaikh,FARAKKA,INC,0,8th Pass,"Rs 17,02,39,870 ~ 17 Crore+","Rs 13,59,27,098 ~ 13 Crore+"
164,Moumita Biswas Misra,BARDHAMAN DAKSHIN,BJP,5,Post Graduate,"Rs 4,63,66,124 ~ 4 Crore+","Rs 41,44,944 ~ 41 Lacs+"
165,Mustafijur Rahaman (Suman),BHARATPUR,AITC,3,10th Pass,"Rs 2,13,66,960 ~ 2 Crore+","Rs 25,35,924 ~ 25 Lacs+"
166,Nabin Chandra Bag,KHANDAGHOSH (SC),AITC,1,Post Graduate,"Rs 31,67,719 ~ 31 Lacs+",Rs 0 ~
167,Nadiar Chand Bouri,PARA (SC),BJP,0,12th Pass,"Rs 68,62,918 ~ 68 Lacs+","Rs 5,04,949 ~ 5 Lacs+"
168,Nandita Chowdhury,HOWRAH DAKSHIN,AITC,0,12th Pass,"Rs 26,44,16,942 ~ 26 Crore+","Rs 70,09,495 ~ 70 Lacs+"
169,Naresh Roy,DHUPGURI (SC),BJP,1,10th Pass,"Rs 92,33,086 ~ 92 Lacs+","Rs 3,50,000 ~ 3 Lacs+"
170,Niamot Sheikh,HARIHARPARA,AITC,1,12th Pass,"Rs 2,12,24,652 ~ 2 Crore+","Rs 38,630 ~ 38 Thou+"
171,Niladri Sekhar Dana,BANKURA,BJP,1,12th Pass,"Rs 18,31,808 (~18 Lacs+)","Rs 2,00,000 (~2 Lacs+)"
172,Nilima Mistry Bishal,BASANTI (SC),AITC,0,Post Graduate,"Rs 88,16,954 ~ 88 Lacs+","Rs 2,05,000 ~ 2 Lacs+"
173,Nirmal Kumar Dhara,INDUS (SC),BJP,1,Post Graduate,"Rs 10,49,835 ~ 10 Lacs+",Rs 0 ~
174,Nishith Pramanik,MATHABHANGA (SC),BJP,16,10th Pass,"Rs 92,95,849 ~ 92 Lacs+",Rs 0 ~
175,Nisith Kumar Malik,BARDHAMAN UTTAR (SC),AITC,3,Others,"Rs 86,13,889 ~ 86 Lacs+","Rs 4,55,668 ~ 4 Lacs+"
176,Noman Rai,DARJEELING,BJP,2,8th Pass,"Rs 12,84,024 ~ 12 Lacs+","Rs 77,486 ~ 77 Thou+"
177,Panna Lal Halder,DIAMOND HARBOUR,AITC,0,Graduate Professional,"Rs 6,67,71,155 ~ 6 Crore+",Rs 0 ~
178,Papia Adhikary,TOLLYGANJ,BJP,0,Post Graduate,"Rs 4,17,92,520 ~ 4 Crore+","Rs 22,23,000 ~ 22 Lacs+"
179,Paresh Ram Das,CANNING PASCHIM (SC),AITC,9,Graduate,"Rs 1,03,95,662 ~ 1 Crore+","Rs 34,58,906 ~ 34 Lacs+"
180,Paritosh Das,ALIPURDUARS,BJP,0,Graduate,"Rs 4,31,31,570 (~4 Crore+)","Rs 2,55,64,142 (~2 Crore+)"
181,Partha Ghosh,RANIGANJ,BJP,0,Post Graduate,"Rs 17,76,64,006 ~ 17 Crore+","Rs 35,13,888 ~ 35 Lacs+"
182,Partha Sarathi Chatterjee(Babu),RANAGHAT UTTAR PASCHIM,BJP,0,Graduate Professional,"Rs 51,51,702 ~ 51 Lacs+","Rs 9,43,682 ~ 9 Lacs+"
183,Pawan Kumar Singh,BHATPARA,BJP,11,Graduate,"Rs 6,81,76,113 ~ 6 Crore+","Rs 84,61,362 ~ 84 Lacs+"
184,Pijush Kanti Das,CHANDIPUR,BJP,0,Others,"Rs 11,20,89,973 ~ 11 Crore+","Rs 3,70,43,125 ~ 3 Crore+"
185,Piyush Kanodia,RAJARHAT NEW TOWN,BJP,12,10th Pass,"Rs 7,00,38,000 ~ 7 Crore+","Rs 4,00,50,000 ~ 4 Crore+"
186,Pradip Kumar Bijali,HALDIA (SC),BJP,0,10th Pass,"Rs 1,04,29,671 ~ 1 Crore+","Rs 33,98,182 ~ 33 Lacs+"
187,Pradip Lodha,GARBETA,BJP,1,Graduate,"Rs 6,62,00,535 ~ 6 Crore+","Rs 2,75,35,226 ~ 2 Crore+"
188,Pran Krishna Tapadar,PURBASTHALI DAKSHIN,BJP,0,10th Pass,"Rs 12,88,16,090 ~ 12 Crore+","Rs 57,32,059 ~ 57 Lacs+"
189,Prasanta Digar,GOGHAT (SC),BJP,1,Graduate,"Rs 89,77,928 (~89 Lacs+)",Rs 0
190,Prasun Banerjee,CHANCHAL,AITC,0,Doctorate,"Rs 3,92,14,353 ~ 3 Crore+","Rs 16,03,119 ~ 16 Lacs+"
191,Priya Paul,SANKRAIL (SC),AITC,0,Post Graduate,"Rs 55,19,701 ~ 55 Lacs+",Rs 0 ~
192,Prosenjit Bag,JANGIPARA,BJP,2,10th Pass,"Rs 10,21,777 ~ 10 Lacs+","Rs 1,25,000 ~ 1 Lacs+"
193,Pulak Roy,ULUBERIA DAKSHIN,AITC,0,Graduate,"Rs 8,68,36,465 ~ 8 Crore+","Rs 49,66,980 ~ 49 Lacs+"
194,Puna Bhengra,NAGRAKATA (ST),BJP,1,10th Pass,"Rs 53,04,684 ~ 53 Lacs+","Rs 10,09,972 ~ 10 Lacs+"
195,Purnima Chakraborty,SHYAMPUKUR,BJP,1,12th Pass,"Rs 71,53,400 ~ 71 Lacs+",Rs 0 ~
196,Rahidas Mahato,BAGHMUNDI,BJP,0,Post Graduate,"Rs 1,09,940 ~ 1 Lacs+",Rs 0 ~
197,Rajendra Prasad Singh(Raju Singh),NALHATI,AITC,1,8th Pass,"Rs 2,03,55,345 ~ 2 Crore+","Rs 34,80,776 ~ 34 Lacs+"
198,Rajesh Mahata,GOPIBALLAVPUR,BJP,6,Post Graduate,"Rs 2,60,75,491 (~2 Crore+)",Rs 0
199,Raju Karmakar,BAISNABNAGAR,BJP,0,Post Graduate,"Rs 2,37,10,822 ~ 2 Crore+","Rs 21,328 ~ 21 Thou+"
200,Raju Patra,GALSI (SC),BJP,4,8th Pass,"Rs 20,89,484 ~ 20 Lacs+","Rs 6,32,430 ~ 6 Lacs+"
201,Rathin Ghosh,MADHYAMGRAM,AITC,0,12th Pass,"Rs 57,89,171 ~ 57 Lacs+",Rs 0 ~
202,Rathindra Bose,COOCHBEHAR DAKSHIN,BJP,1,Graduate Professional,"Rs 9,35,10,100 ~ 9 Crore+","Rs 3,19,95,275 ~ 3 Crore+"
203,Ratna Debnath,PANIHATI,BJP,0,Illiterate,"Rs 74,98,781 ~ 74 Lacs+",Rs 0 ~
204,Rekha Patra,HINGALGANJ (SC),BJP,2,Literate,"Rs 96,725 ~ 96 Thou+",Rs 0 ~
205,Reyat Hossain Sarkar,BHAGABANGOLA,AITC,6,Graduate,"Rs 1,71,42,232 ~ 1 Crore+",Rs 0 ~
206,Ritabrata Banerjee,ULUBERIA PURBA,AITC,3,Post Graduate,"Rs 3,31,97,176 ~ 3 Crore+","Rs 32,90,200 ~ 32 Lacs+"
207,Ritesh Tiwari,KASHIPUR-BELGACHHIA,BJP,4,Graduate,"Rs 27,88,98,708 (~27 Crores+)",Rs 0
208,Rudranil Ghosh,SHIBPUR,BJP,1,Graduate,"Rs 2,29,44,579 ~ 2 Crore+","Rs 73,13,840 ~ 73 Lacs+"
209,Rukbanur Rahman,PALASHIPARA,AITC,0,Post Graduate,"Rs 41,22,463 ~ 41 Lacs+","Rs 10,06,500 ~ 10 Lacs+"
210,Rupa Ganguly,SONARPUR DAKSHIN,BJP,5,Graduate,"Rs 9,39,54,158 ~ 9 Crore+",Rs 0 ~
211,Sabina Yeasmin,SUJAPUR,AITC,1,Post Graduate,"Rs 5,58,67,265 ~ 5 Crore+","Rs 75,70,667 ~ 75 Lacs+"
212,Sabitri Barman,SITALKUCHI (SC),BJP,2,12th Pass,"Rs 45,02,094 ~ 45 Lacs+",Rs 0 ~
213,Sadhan Ghosh,KRISHNANAGAR DAKSHIN,BJP,1,12th Pass,"Rs 2,42,20,260 ~ 2 Crore+","Rs 74,97,000 ~ 74 Lacs+"
214,Saikat Panja,MONTESWAR,BJP,2,Post Graduate,"Rs 44,62,694 ~ 44 Lacs+","Rs 12,04,782 ~ 12 Lacs+"
215,Sajal Ghosh,BARANAGAR,BJP,20,Graduate,"Rs 5,43,90,512 ~ 5 Crore+","Rs 56,82,460 ~ 56 Lacs+"
216,Samar Mukherjee,RATUA,AITC,0,12th Pass,"Rs 9,72,465 (~9 Lacs+)",Rs 0
217,Samarendranath Ghosh,KARIMPUR,BJP,2,Post Graduate,"Rs 70,56,229 ~ 70 Lacs+",Rs 0 ~
218,Samir Kumar Jana,PATHARPRATIMA,AITC,0,Post Graduate,"Rs 57,50,920 ~ 57 Lacs+",Rs 0 ~
219,Samir Kumar Panja,UDAYNARAYANPUR,AITC,0,Graduate Professional,"Rs 2,90,91,929 ~ 2 Crore+",Rs 0 ~
220,Sanat Sardar,SANDESHKHALI (ST),BJP,1,Post Graduate,"Rs 87,88,651 ~ 87 Lacs+","Rs 28,47,195 ~ 28 Lacs+"
221,Sandipan Saha,ENTALLY,AITC,0,Graduate,"Rs 11,93,79,822 ~ 11 Crore+","Rs 30,00,000 ~ 30 Lacs+"
222,Sangita Roy,SITAI (SC),AITC,0,12th Pass,"Rs 77,45,825 ~ 77 Lacs+",Rs 0 ~
223,Sanjay Kumar Singh,BALLY,BJP,8,Graduate,"Rs 6,60,88,811 ~ 6 Crore+",Rs 0 ~
224,Sankar Chatterjee,BARASAT,BJP,3,Graduate,"Rs 18,00,008 ~ 18 Lacs+",Rs 0 ~
225,Sankar Kumar Guchhait,MEDINIPUR,BJP,29,Doctorate,"Rs 5,15,41,723 (~5 Crore+)","Rs 1,84,98,500 (~1 Crore+)"
226,Sankar Sikder,BEHALA PURBA,BJP,3,Graduate Professional,"Rs 3,39,06,000 ~ 3 Crore+","Rs 7,60,000 ~ 7 Lacs+"
227,Santanu Dey,NAKASHIPARA,BJP,0,12th Pass,"Rs 1,03,33,070 ~ 1 Crore+","Rs 2,23,081 ~ 2 Lacs+"
228,Santanu Pramanik,BHAGABANPUR,BJP,4,Post Graduate,"Rs 33,40,567 ~ 33 Lacs+","Rs 7,96,168 ~ 7 Lacs+"
229,Santu Pan,TARAKESWAR,BJP,4,Post Graduate,"Rs 50,51,743 ~ 50 Lacs+","Rs 3,06,680 ~ 3 Lacs+"
230,Sarbori Mukherjee,JADAVPUR,BJP,2,Graduate,"Rs 86,00,117 ~ 86 Lacs+","Rs 51,38,806 ~ 51 Lacs+"
231,Sarmistha Purkait,MAGRAHAT PURBA (SC),AITC,0,Post Graduate,"Rs 63,16,629 ~ 63 Lacs+",Rs 0 ~
232,Satyanarayan Mukhopadhyay,CHHATNA,BJP,0,Graduate Professional,"Rs 97,34,602 ~ 97 Lacs+","Rs 13,00,000 ~ 13 Lacs+"
233,Satyendra Nath Roy,GANGARAMPUR (SC),BJP,2,10th Pass,"Rs 13,96,200 ~ 13 Lacs+","Rs 18,61,000 ~ 18 Lacs+"
234,Seuli Saha,KESHPUR (SC),AITC,0,Graduate Professional,"Rs 4,96,85,957 (~4 Crore+)","Rs 74,52,484 (~74 Lacs+)"
235,Shankar Ghosh,SILIGURI,BJP,3,Doctorate,"Rs 2,50,09,233 ~ 2 Crore+","Rs 8,00,205 ~ 8 Lacs+"
236,Sharadwat Mukherjee,BIDHANNAGAR,BJP,0,Post Graduate,"Rs 15,72,26,453 ~ 15 Crore+","Rs 48,30,854 ~ 48 Lacs+"
237,Shishir Ghosh,MONGALKOTE,BJP,2,10th Pass,"Rs 82,54,295 ~ 82 Lacs+","Rs 9,62,970 ~ 9 Lacs+"
238,Shukla Chatterjee,BISHNUPUR,BJP,1,Graduate,"Rs 5,25,103 ~ 5 Lacs+",Rs 0 ~
239,Siddhartha Majumdar,KALNA (SC),BJP,0,Post Graduate,"Rs 1,26,01,367 ~ 1 Crore+","Rs 82,72,316 ~ 82 Lacs+"
240,Sikha Chatterjee,DABGRAM-FULBARI,BJP,6,10th Pass,"Rs 1,05,26,160 ~ 1 Crore+","Rs 9,54,500 ~ 9 Lacs+"
241,Sintu Senapati,PANSKURA PASCHIM,BJP,14,Graduate,"Rs 43,29,000 ~ 43 Lacs+",Rs 0 ~
242,Sital Kapat,GHATAL (SC),BJP,7,12th Pass,"Rs 26,00,817 ~ 26 Lacs+","Rs 10,01,808 ~ 10 Lacs+"
243,Sobhandeb Chattopadhyay,BALLYGUNGE,AITC,0,Graduate Professional,"Rs 10,22,23,379 (~10 Crores+)",Rs 0
244,Soma Thakur,BAGDA (SC),BJP,3,Post Graduate,"Rs 1,92,87,788 ~ 1 Crore+","Rs 1,72,18,000 ~ 1 Crore+"
245,Sonam Lama,KURSEONG,BJP,0,Graduate,"Rs 21,38,076 ~ 21 Lacs+","Rs 7,38,385 ~ 7 Lacs+"
246,Sourav Sikdar,DUM DUM UTTAR,BJP,3,Graduate,"Rs 1,73,82,219 ~ 1 Crore+","Rs 33,91,076 ~ 33 Lacs+"
247,Souvik Patra,TALDANGRA,BJP,3,12th Pass,"Rs 18,16,148 ~ 18 Lacs+",Rs 0 ~
248,Srutisekhar Goswami,NABADWIP,BJP,1,Post Graduate,"Rs 65,87,612 ~ 65 Lacs+",Rs 0 ~
249,Subhas Chandra Panja,MAHISHADAL,BJP,0,Others,"Rs 6,91,68,067 ~ 6 Crore+","Rs 2,05,91,391 ~ 2 Crore+"
250,Subhash Patra,RAINA (SC),BJP,0,Post Graduate,"Rs 6,91,911 ~ 6 Lacs+","Rs 4,65,515 ~ 4 Lacs+"
251,Subhashis Om,DEBRA,BJP,1,Post Graduate,"Rs 67,26,188 ~ 67 Lacs+",Rs 0 ~
252,Subhasis Das,MAHESHTALA,AITC,1,8th Pass,"Rs 1,07,28,898 (~1 Crore+)",Rs 0
253,Subir Nag,CHUNCHURA,BJP,8,Others,"Rs 3,72,80,563 ~ 3 Crore+",Rs 0 ~
254,Subrata Kabiraj,TEHATTA,BJP,1,Graduate,"Rs 98,74,309 ~ 98 Lacs+","Rs 2,20,235 ~ 2 Lacs+"
255,Subrata Maitra (Kanchan),BAHARAMPUR,BJP,6,Graduate,"Rs 1,38,27,050 ~ 1 Crore+",Rs 0 ~
256,Subrata Maity(Rana),PANSKURA PURBA,BJP,0,Others,"Rs 11,85,68,935 ~ 11 Crore+","Rs 3,68,37,273 ~ 3 Crore+"
257,Subrata Paik,KHEJURI (SC),BJP,2,8th Pass,"Rs 16,49,357 ~ 16 Lacs+","Rs 2,80,000 ~ 2 Lacs+"
258,Subrata Thakur,GAIGHATA (SC),BJP,3,Others,"Rs 72,50,656 ~ 72 Lacs+","Rs 14,21,685 ~ 14 Lacs+"
259,Sudip Kumar Mukherjee,PURULIA,BJP,3,8th Pass,"Rs 11,55,48,432 ~ 11 Crore+","Rs 14,55,284 ~ 14 Lacs+"
260,Sudipta Das,BIJPUR,BJP,9,12th Pass,"Rs 3,28,272 ~ 3 Lacs+",Rs 0 ~
261,Sukanta Biswas,KRISHNAGANJ (SC),BJP,0,Post Graduate,"Rs 6,28,85,048 (~6 Crore+)","Rs 13,65,962 (~13 Lacs+)"
262,Sukanta Dolui,CHANDRAKONA (SC),BJP,0,Graduate,"Rs 7,97,754 ~ 7 Lacs+",Rs 0 ~
263,Sukhen Kumar Bagdi,BURWAN (SC),BJP,1,10th Pass,"Rs 14,07,000 ~ 14 Lacs+",Rs 0 ~
264,Sukra Munda,MAL (ST),BJP,1,12th Pass,"Rs 71,70,993 ~ 71 Lacs+",Rs 0 ~
265,Sukumar Ray,COOCHBEHAR UTTAR (SC),BJP,9,8th Pass,"Rs 2,05,24,682 ~ 2 Crore+","Rs 5,25,275 ~ 5 Lacs+"
266,Sumana Sarkar,BALAGARH (SC),BJP,0,Post Graduate,"Rs 24,83,787 ~ 24 Lacs+",Rs 0 ~
267,Sumanta Mandal,SAGAR,BJP,1,Post Graduate,"Rs 39,68,016 ~ 39 Lacs+","Rs 23,50,000 ~ 23 Lacs+"
268,Sumita Sinha,KANTHI UTTAR,BJP,0,Graduate,"Rs 5,48,82,163 ~ 5 Crore+","Rs 22,68,167 ~ 22 Lacs+"
269,Sumitro Chatterjee,NAIHATI,BJP,1,Graduate Professional,"Rs 2,20,56,195 ~ 2 Crore+",Rs 0 ~
270,Surajit Mitra (Badal),BASIRHAT DAKSHIN,AITC,1,Graduate,"Rs 7,97,11,648 (~7 Crore+)","Rs 1,00,000 (~1 Lakh+)"
271,Susanta Ghosh,KHANAKUL,BJP,10,12th Pass,"Rs 72,65,988 ~ 72 Lacs+","Rs 1,94,800 ~ 1 Lacs+"
272,Suvendu Adhikari,NANDIGRAM,BJP,29,Post Graduate,"Rs 85,87,600 ~ 85 Lacs+",Rs 0 ~
273,Suvendu Adhikari,BHABANIPUR,BJP,29,Post Graduate,"Rs 85,87,600 ~ 85 Lacs+",Rs 0 ~
274,Swagata Manna,PINGLA,BJP,2,Graduate,"Rs 1,77,38,750 ~ 1 Crore+",Rs 0 ~
275,Swapan Kumar Das,SANTIPUR,BJP,1,Graduate Professional,"Rs 16,83,831 ~ 16 Lacs+",Rs 0 ~
276,Swapan Majumder,BANGAON DAKSHIN (SC),BJP,17,12th Pass,"Rs 3,87,95,771 ~ 3 Crore+","Rs 1,37,18,407 ~ 1 Crore+"
277,Swaraj Ghosh,SAPTAGRAM,BJP,4,10th Pass,"Rs 28,98,63,958 ~ 28 Crore+","Rs 2,38,79,791 ~ 2 Crore+"
278,Swati Khandoker,CHANDITALA,AITC,0,12th Pass,"Rs 1,31,74,320 ~ 1 Crore+","Rs 12,00,000 ~ 12 Lacs+"
279,Tapan Kumar Dutta,DASPUR,BJP,3,12th Pass,"Rs 5,07,84,388 (~5 Crore+)",Rs 0
280,Tapan Maity,PATASHPUR,BJP,10,Graduate,"Rs 5,48,23,865 ~ 5 Crore+","Rs 48,04,572 ~ 48 Lacs+"
281,Tapas Chandra Roy,KUSHMANDI (SC),BJP,1,Graduate,"Rs 14,60,222 ~ 14 Lacs+","Rs 1,19,648 ~ 1 Lacs+"
282,Tapas Maity,DOMJUR,AITC,1,12th Pass,"Rs 4,09,54,032 ~ 4 Crore+",Rs 0 ~
283,Tapas Mondal S/O-Shibprasad Mondal,RAIDIGHI,AITC,0,Post Graduate,"Rs 32,08,293 ~ 32 Lacs+",Rs 0 ~
284,Tapas Roy,MANIKTALA,BJP,0,Graduate Professional,"Rs 4,01,89,113 ~ 4 Crore+","Rs 32,00,000 ~ 32 Lacs+"
285,Tarak Nath Chatterjee,KRISHNANAGAR UTTAR,BJP,3,Post Graduate,"Rs 98,36,363 ~ 98 Lacs+","Rs 20,75,000 ~ 20 Lacs+"
286,Tarunjyoti Tewari,RAJARHAT GOPALPUR,BJP,3,Graduate Professional,"Rs 2,59,49,689 ~ 2 Crore+","Rs 60,00,000 ~ 60 Lacs+"
287,Toraf Hossain Mandal,KUMARGANJ,AITC,0,Graduate,"Rs 93,22,868 ~ 93 Lacs+",Rs 0 ~
288,Tusar Kumar Majumdar,PANDUA,BJP,2,12th Pass,"Rs 3,15,68,724 (~3 Crore+)",Rs 0
289,Umesh Rai,HOWRAH UTTAR,BJP,19,Graduate,"Rs 76,17,624 ~ 76 Lacs+",Rs 0 ~
290,Usha Rani Mondal,MINAKHAN (SC),AITC,0,8th Pass,"Rs 2,37,58,335 ~ 2 Crore+","Rs 19,68,000 ~ 19 Lacs+"
291,Utpal Brahmacharo,KALIAGANJ (SC),BJP,0,Graduate,"Rs 44,34,501 ~ 44 Lacs+",Rs 0 ~
292,Vijay Ojha,JORASANKO,BJP,7,10th Pass,"Rs 2,25,60,985 ~ 2 Crore+","Rs 14,89,368 ~ 14 Lacs+"
